Date;Adj Close;;;;;;;;RAT
01/12/2014;4388,3;;;;;;;;
24/11/2014;4390,18;;;;;;;;0,000428412
17/11/2014;4347,23;;;;;;;;-0,009783198
10/11/2014;4202,46;;;;;;;;-0,033301666
03/11/2014;4189,89;;;;;;;;-0,002991105
27/10/2014;4233,09;;;;;;;;0,010310533
20/10/2014;4128,9;;;;;;;;-0,024613226
13/10/2014;4033,18;;;;;;;;-0,02318293
06/10/2014;4073,71;;;;;;;;0,010049142
29/09/2014;4281,74;;;;;;;;0,051066473
22/09/2014;4394,75;;;;;;;;0,026393476
15/09/2014;4461,22;;;;;;;;0,015124865
08/09/2014;4441,7;;;;;;;;-0,004375485
01/09/2014;4486,49;;;;;;;;0,010083977
25/08/2014;4381,04;;;;;;;;-0,023503897
18/08/2014;4252,8;;;;;;;;-0,029271588
11/08/2014;4174,36;;;;;;;;-0,018444319
04/08/2014;4147,81;;;;;;;;-0,006360256
28/07/2014;4202,78;;;;;;;;0,013252777
21/07/2014;4330,55;;;;;;;;0,030401306
14/07/2014;4335,31;;;;;;;;0,001099168
07/07/2014;4316,5;;;;;;;;-0,00433879
30/06/2014;4468,98;;;;;;;;0,035324916
23/06/2014;4436,99;;;;;;;;-0,007158233
16/06/2014;4541,34;;;;;;;;0,023518196
09/06/2014;4543,28;;;;;;;;0,000427187
02/06/2014;4581,12;;;;;;;;0,008328784
26/05/2014;4519,57;;;;;;;;-0,013435579
19/05/2014;4493,15;;;;;;;;-0,005845689
12/05/2014;4456,28;;;;;;;;-0,008205824
05/05/2014;4477,28;;;;;;;;0,004712451
28/04/2014;4458,17;;;;;;;;-0,004268216
21/04/2014;4443,63;;;;;;;;-0,003261428
14/04/2014;4431,81;;;;;;;;-0,002659987
07/04/2014;4365,86;;;;;;;;-0,014881053
31/03/2014;4484,55;;;;;;;;0,027185938
24/03/2014;4411,26;;;;;;;;-0,016342777
17/03/2014;4335,28;;;;;;;;-0,017224104
10/03/2014;4216,37;;;;;;;;-0,027428448
03/03/2014;4366,42;;;;;;;;0,035587484
24/02/2014;4408,08;;;;;;;;0,009540997
17/02/2014;4381,06;;;;;;;;-0,006129653
10/02/2014;4340,14;;;;;;;;-0,009340205
03/02/2014;4228,18;;;;;;;;-0,025796403
27/01/2014;4165,72;;;;;;;;-0,014772313
20/01/2014;4161,47;;;;;;;;-0,001020232
13/01/2014;4327,5;;;;;;;;0,039896959
06/01/2014;4250,6;;;;;;;;-0,017770075
30/12/2013;4247,65;;;;;;;;-0,00069402
23/12/2013;4277,65;;;;;;;;0,007062729
16/12/2013;4193,77;;;;;;;;-0,019608897
09/12/2013;4059,71;;;;;;;;-0,031966465
02/12/2013;4129,37;;;;;;;;0,017158861
25/11/2013;4295,21;;;;;;;;0,04016109
18/11/2013;4278,53;;;;;;;;-0,003883396
11/11/2013;4292,23;;;;;;;;0,003202034
04/11/2013;4260,44;;;;;;;;-0,007406406
28/10/2013;4273,19;;;;;;;;0,002992649
21/10/2013;4272,31;;;;;;;;-0,000205935
14/10/2013;4286,03;;;;;;;;0,003211377
07/10/2013;4219,98;;;;;;;;-0,015410531
30/09/2013;4164,25;;;;;;;;-0,013206224
23/09/2013;4186,77;;;;;;;;0,005407937
16/09/2013;4203,66;;;;;;;;0,004034136
09/09/2013;4114,5;;;;;;;;-0,021210088
02/09/2013;4049,19;;;;;;;;-0,015873132
26/08/2013;3933,78;;;;;;;;-0,028501997
19/08/2013;4069,47;;;;;;;;0,034493541
12/08/2013;4123,89;;;;;;;;0,013372749
05/08/2013;4076,55;;;;;;;;-0,011479453
29/07/2013;4045,65;;;;;;;;-0,007579939
22/07/2013;3968,84;;;;;;;;-0,018985824
15/07/2013;3925,32;;;;;;;;-0,010965421
08/07/2013;3855,09;;;;;;;;-0,017891535
01/07/2013;3753,85;;;;;;;;-0,026261384
24/06/2013;3738,91;;;;;;;;-0,003979914
17/06/2013;3658,04;;;;;;;;-0,021629298
10/06/2013;3805,16;;;;;;;;0,040218259
03/06/2013;3872,59;;;;;;;;0,017720674
27/05/2013;3948,59;;;;;;;;0,019625109
20/05/2013;3956,79;;;;;;;;0,002076691
13/05/2013;4001,27;;;;;;;;0,011241436
06/05/2013;3953,83;;;;;;;;-0,011856236
29/04/2013;3912,95;;;;;;;;-0,010339342
22/04/2013;3810,05;;;;;;;;-0,026297295
15/04/2013;3651,96;;;;;;;;-0,041492894
08/04/2013;3729,3;;;;;;;;0,021177669
01/04/2013;3663,48;;;;;;;;-0,017649425
25/03/2013;3731,42;;;;;;;;0,018545208
18/03/2013;3770,29;;;;;;;;0,010416946
11/03/2013;3844,03;;;;;;;;0,019558177
04/03/2013;3840,15;;;;;;;;-0,001009357
25/02/2013;3699,91;;;;;;;;-0,036519407
18/02/2013;3706,28;;;;;;;;0,001721663
11/02/2013;3660,37;;;;;;;;-0,012387084
04/02/2013;3649,5;;;;;;;;-0,002969645
28/01/2013;3773,53;;;;;;;;0,033985477
21/01/2013;3778,16;;;;;;;;0,001226968
14/01/2013;3741,58;;;;;;;;-0,009681962
07/01/2013;3706,02;;;;;;;;-0,009504006
31/12/2012;3730,02;;;;;;;;0,00647595
24/12/2012;3620,25;;;;;;;;-0,029428797
17/12/2012;3661,4;;;;;;;;0,011366618
10/12/2012;3643,28;;;;;;;;-0,004948927
03/12/2012;3605,61;;;;;;;;-0,010339584
26/11/2012;3557,28;;;;;;;;-0,013404112
19/11/2012;3528,8;;;;;;;;-0,008006117
12/11/2012;3341,52;;;;;;;;-0,053071866
05/11/2012;3423,57;;;;;;;;0,024554694
29/10/2012;3492,46;;;;;;;;0,02012227
22/10/2012;3435,09;;;;;;;;-0,016426817
15/10/2012;3504,56;;;;;;;;0,020223633
08/10/2012;3389,08;;;;;;;;-0,032951355
01/10/2012;3457,04;;;;;;;;0,02005264
24/09/2012;3354,82;;;;;;;;-0,029568648
17/09/2012;3530,72;;;;;;;;0,052432023
10/09/2012;3581,58;;;;;;;;0,014404994
03/09/2012;3519,05;;;;;;;;-0,017458775
27/08/2012;3413,07;;;;;;;;-0,030116082
20/08/2012;3433,21;;;;;;;;0,005900846
13/08/2012;3488,38;;;;;;;;0,016069509
06/08/2012;3435,62;;;;;;;;-0,015124499
30/07/2012;3374,19;;;;;;;;-0,017880324
23/07/2012;3280,19;;;;;;;;-0,027858538
16/07/2012;3193,89;;;;;;;;-0,026309452
09/07/2012;3180,81;;;;;;;;-0,00409532
02/07/2012;3168,79;;;;;;;;-0,003778912
25/06/2012;3196,65;;;;;;;;0,008791999
18/06/2012;3090,9;;;;;;;;-0,033081507
11/06/2012;3087,62;;;;;;;;-0,00106118
04/06/2012;3051,69;;;;;;;;-0,011636795
28/05/2012;2950,47;;;;;;;;-0,033168507
21/05/2012;3047,94;;;;;;;;0,033035415
14/05/2012;3008;;;;;;;;-0,013103932
07/05/2012;3129,77;;;;;;;;0,040482048
30/04/2012;3161,97;;;;;;;;0,010288296
23/04/2012;3266,27;;;;;;;;0,032985765
16/04/2012;3188,58;;;;;;;;-0,023785541
10/04/2012;3189,09;;;;;;;;0,000159946
02/04/2012;3319,81;;;;;;;;0,040989749
26/03/2012;3423,81;;;;;;;;0,031327094
19/03/2012;3476,18;;;;;;;;0,015295825
12/03/2012;3594,83;;;;;;;;0,034132295
05/03/2012;3487,48;;;;;;;;-0,02986233
27/02/2012;3501,17;;;;;;;;0,003925471
20/02/2012;3467,03;;;;;;;;-0,009751026
13/02/2012;3439,62;;;;;;;;-0,007905902
06/02/2012;3373,14;;;;;;;;-0,019327716
30/01/2012;3427,92;;;;;;;;0,016240061
23/01/2012;3318,76;;;;;;;;-0,031844384
16/01/2012;3321,5;;;;;;;;0,00082561
09/01/2012;3196,49;;;;;;;;-0,03763661
02/01/2012;3137,36;;;;;;;;-0,018498415
27/12/2011;3159,81;;;;;;;;0,007155698
19/12/2011;3102,09;;;;;;;;-0,018266921
12/12/2011;2972,3;;;;;;;;-0,041839534
05/12/2011;3172,35;;;;;;;;0,067304781
28/11/2011;3164,95;;;;;;;;-0,002332656
21/11/2011;2856,97;;;;;;;;-0,097309594
14/11/2011;2997,01;;;;;;;;0,049016966
07/11/2011;3149,38;;;;;;;;0,050840671
31/10/2011;3123,55;;;;;;;;-0,008201614
24/10/2011;3348,63;;;;;;;;0,072059035
17/10/2011;3171,34;;;;;;;;-0,05294404
10/10/2011;3217,89;;;;;;;;0,014678338
03/10/2011;3095,56;;;;;;;;-0,038015594
26/09/2011;2981,96;;;;;;;;-0,036697722
19/09/2011;2810,11;;;;;;;;-0,057629881
12/09/2011;3031,08;;;;;;;;0,078633932
05/09/2011;2974,59;;;;;;;;-0,018636921
29/08/2011;3148,53;;;;;;;;0,058475286
22/08/2011;3087,64;;;;;;;;-0,019339184
15/08/2011;3016,99;;;;;;;;-0,022881554
08/08/2011;3213,88;;;;;;;;0,065260409
01/08/2011;3278,56;;;;;;;;0,020125207
25/07/2011;3672,77;;;;;;;;0,120238763
18/07/2011;3842,7;;;;;;;;0,046267531
11/07/2011;3726,59;;;;;;;;-0,030215734
04/07/2011;3913,55;;;;;;;;0,05016919
27/06/2011;4007,35;;;;;;;;0,023968009
20/06/2011;3784,8;;;;;;;;-0,055535454
13/06/2011;3823,74;;;;;;;;0,010288523
06/06/2011;3805,09;;;;;;;;-0,004877424
30/05/2011;3890,68;;;;;;;;0,022493555
23/05/2011;3950,98;;;;;;;;0,015498576
16/05/2011;3990,85;;;;;;;;0,010091167
09/05/2011;4018,85;;;;;;;;0,007016049
02/05/2011;4058,01;;;;;;;;0,009744081
26/04/2011;4106,92;;;;;;;;0,012052706
18/04/2011;4021,88;;;;;;;;-0,020706515
11/04/2011;3974,48;;;;;;;;-0,011785533
04/04/2011;4061,91;;;;;;;;0,021997846
28/03/2011;4054,76;;;;;;;;-0,001760256
21/03/2011;3972,38;;;;;;;;-0,020316862
14/03/2011;3810,22;;;;;;;;-0,040821875
07/03/2011;3928,68;;;;;;;;0,031090068
28/02/2011;4020,21;;;;;;;;0,023297902
21/02/2011;4070,38;;;;;;;;0,012479448
14/02/2011;4157,14;;;;;;;;0,021314963
07/02/2011;4101,31;;;;;;;;-0,013429906
31/01/2011;4047,21;;;;;;;;-0,013190907
24/01/2011;4002,32;;;;;;;;-0,011091591
17/01/2011;4017,45;;;;;;;;0,003780307
10/01/2011;3983,28;;;;;;;;-0,008505395
03/01/2011;3865,58;;;;;;;;-0,029548513
27/12/2010;3804,78;;;;;;;;-0,015728558
20/12/2010;3900,39;;;;;;;;0,025128917
13/12/2010;3867,35;;;;;;;;-0,008470948
06/12/2010;3857,35;;;;;;;;-0,00258575
29/11/2010;3750,55;;;;;;;;-0,027687402
22/11/2010;3728,65;;;;;;;;-0,005839144
15/11/2010;3860,16;;;;;;;;0,035270138
08/11/2010;3831,12;;;;;;;;-0,007523004
01/11/2010;3916,73;;;;;;;;0,022345946
25/10/2010;3833,5;;;;;;;;-0,021249869
18/10/2010;3868,54;;;;;;;;0,009140472
11/10/2010;3827,37;;;;;;;;-0,010642258
04/10/2010;3763,18;;;;;;;;-0,016771308
27/09/2010;3692,09;;;;;;;;-0,018890938
20/09/2010;3782,48;;;;;;;;0,024482068
13/09/2010;3722,02;;;;;;;;-0,015984222
06/09/2010;3725,82;;;;;;;;0,001020951
30/08/2010;3672,2;;;;;;;;-0,014391463
23/08/2010;3507,44;;;;;;;;-0,044866837
16/08/2010;3526,12;;;;;;;;0,005325822
09/08/2010;3610,91;;;;;;;;0,02404626
02/08/2010;3716,05;;;;;;;;0,029117314
26/07/2010;3643,14;;;;;;;;-0,019620296
19/07/2010;3607,05;;;;;;;;-0,00990629
12/07/2010;3500,16;;;;;;;;-0,029633634
05/07/2010;3554,48;;;;;;;;0,015519291
28/06/2010;3348,37;;;;;;;;-0,057985978
21/06/2010;3519,73;;;;;;;;0,05117714
14/06/2010;3687,21;;;;;;;;0,047583195
07/06/2010;3555,52;;;;;;;;-0,035715351
31/05/2010;3455,61;;;;;;;;-0,028099968
24/05/2010;3515,06;;;;;;;;0,017203909
17/05/2010;3430,74;;;;;;;;-0,023988211
10/05/2010;3560,36;;;;;;;;0,037781936
03/05/2010;3392,59;;;;;;;;-0,047121639
26/04/2010;3816,99;;;;;;;;0,125096165
19/04/2010;3951,3;;;;;;;;0,035187412
12/04/2010;3986,63;;;;;;;;0,008941361
06/04/2010;4050,54;;;;;;;;0,016031084
29/03/2010;4034,23;;;;;;;;-0,004026624
22/03/2010;3988,93;;;;;;;;-0,011228909
15/03/2010;3925,44;;;;;;;;-0,015916549
08/03/2010;3927,4;;;;;;;;0,000499307
01/03/2010;3910,42;;;;;;;;-0,004323471
22/02/2010;3708,8;;;;;;;;-0,051559679
15/02/2010;3769,54;;;;;;;;0,016377265
08/02/2010;3599,07;;;;;;;;-0,045223025
01/02/2010;3563,76;;;;;;;;-0,009810868
25/01/2010;3739,46;;;;;;;;0,049301861
18/01/2010;3820,78;;;;;;;;0,021746455
11/01/2010;3954,38;;;;;;;;0,034966682
04/01/2010;4045,14;;;;;;;;0,022951765
28/12/2009;3936,33;;;;;;;;-0,026898945
21/12/2009;3912,73;;;;;;;;-0,005995432
14/12/2009;3794,44;;;;;;;;-0,030232089
07/12/2009;3803,72;;;;;;;;0,002445684
30/11/2009;3846,62;;;;;;;;0,011278433
23/11/2009;3721,45;;;;;;;;-0,032540256
16/11/2009;3729,36;;;;;;;;0,002125516
09/11/2009;3806,01;;;;;;;;0,020553124
02/11/2009;3707,29;;;;;;;;-0,025937924
26/10/2009;3607,69;;;;;;;;-0,026865986
19/10/2009;3808,24;;;;;;;;0,055589588
12/10/2009;3827,6;;;;;;;;0,005083713
05/10/2009;3799,61;;;;;;;;-0,007312676
28/09/2009;3649,9;;;;;;;;-0,039401412
21/09/2009;3739,14;;;;;;;;0,024449985
14/09/2009;3827,84;;;;;;;;0,023722032
07/09/2009;3734,89;;;;;;;;-0,024282624
31/08/2009;3598,76;;;;;;;;-0,036448195
24/08/2009;3693,14;;;;;;;;0,0262257
17/08/2009;3615,81;;;;;;;;-0,020938822
10/08/2009;3495,27;;;;;;;;-0,033336929
03/08/2009;3521,14;;;;;;;;0,007401431
27/07/2009;3426,27;;;;;;;;-0,026942979
20/07/2009;3366,45;;;;;;;;-0,01745922
13/07/2009;3218,46;;;;;;;;-0,043960255
06/07/2009;2983,1;;;;;;;;-0,073128142
29/06/2009;3119,51;;;;;;;;0,045727599
22/06/2009;3129,73;;;;;;;;0,003276156
15/06/2009;3221,27;;;;;;;;0,029248529
08/06/2009;3326,14;;;;;;;;0,032555483
01/06/2009;3339,05;;;;;;;;0,003881376
25/05/2009;3277,65;;;;;;;;-0,018388464
18/05/2009;3227,97;;;;;;;;-0,015157201
11/05/2009;3169,05;;;;;;;;-0,018252958
04/05/2009;3312,59;;;;;;;;0,045294331
27/04/2009;3159,85;;;;;;;;-0,046108936
20/04/2009;3102,85;;;;;;;;-0,018038831
13/04/2009;3091,96;;;;;;;;-0,003509677
06/04/2009;2974,18;;;;;;;;-0,038092343
30/03/2009;2958,74;;;;;;;;-0,005191347
23/03/2009;2840,62;;;;;;;;-0,039922399
16/03/2009;2791,14;;;;;;;;-0,017418733
09/03/2009;2705,63;;;;;;;;-0,030636227
02/03/2009;2534,45;;;;;;;;-0,063268074
23/02/2009;2702,48;;;;;;;;0,066298408
16/02/2009;2750,55;;;;;;;;0,017787366
09/02/2009;2997,86;;;;;;;;0,089912927
02/02/2009;3122,79;;;;;;;;0,04167306
26/01/2009;2973,92;;;;;;;;-0,047672114
19/01/2009;2849,14;;;;;;;;-0,041958089
12/01/2009;3016,75;;;;;;;;0,058828278
05/01/2009;3299,5;;;;;;;;0,093726693
29/12/2008;3349,69;;;;;;;;0,015211396
22/12/2008;3116,21;;;;;;;;-0,069701972
15/12/2008;3225,9;;;;;;;;0,03519981
08/12/2008;3213,6;;;;;;;;-0,003812889
01/12/2008;2988,01;;;;;;;;-0,070198531
24/11/2008;3262,68;;;;;;;;0,091924056
17/11/2008;2881,26;;;;;;;;-0,116903895
10/11/2008;3291,47;;;;;;;;0,14237174
03/11/2008;3469,12;;;;;;;;0,053972845
27/10/2008;3487,07;;;;;;;;0,005174223
20/10/2008;3193,79;;;;;;;;-0,084104994
13/10/2008;3329,92;;;;;;;;0,042623341
06/10/2008;3176,49;;;;;;;;-0,046076182
29/09/2008;4080,75;;;;;;;;0,284672705
22/09/2008;4163,38;;;;;;;;0,020248729
15/09/2008;4324,87;;;;;;;;0,038788196
08/09/2008;4332,66;;;;;;;;0,00180121
01/09/2008;4196,66;;;;;;;;-0,031389493
25/08/2008;4482,6;;;;;;;;0,068135136
18/08/2008;4400,45;;;;;;;;-0,018326418
11/08/2008;4453,62;;;;;;;;0,012082855
04/08/2008;4491,85;;;;;;;;0,008584028
28/07/2008;4314,34;;;;;;;;-0,039518239
21/07/2008;4377,18;;;;;;;;0,01456538
14/07/2008;4299,36;;;;;;;;-0,01777857
07/07/2008;4100,64;;;;;;;;-0,046220833
30/06/2008;4266;;;;;;;;0,040325413
23/06/2008;4397,32;;;;;;;;0,030782935
16/06/2008;4509,27;;;;;;;;0,025458688
09/06/2008;4682,3;;;;;;;;0,038372065
02/06/2008;4795,32;;;;;;;;0,02413771
26/05/2008;5014,28;;;;;;;;0,045661186
19/05/2008;4933,77;;;;;;;;-0,016056144
12/05/2008;5078,04;;;;;;;;0,029241331
05/05/2008;4960,56;;;;;;;;-0,02313491
28/04/2008;5069,71;;;;;;;;0,022003564
21/04/2008;4978,21;;;;;;;;-0,01804837
14/04/2008;4961,69;;;;;;;;-0,003318462
07/04/2008;4797,93;;;;;;;;-0,033004883
31/03/2008;4900,88;;;;;;;;0,02145717
25/03/2008;4695,92;;;;;;;;-0,041821061
17/03/2008;4533,72;;;;;;;;-0,034540622
10/03/2008;4592,15;;;;;;;;0,012887871
03/03/2008;4618,96;;;;;;;;0,005838224
25/02/2008;4790,66;;;;;;;;0,03717287
18/02/2008;4824,55;;;;;;;;0,007074182
11/02/2008;4771,79;;;;;;;;-0,010935735
04/02/2008;4709,65;;;;;;;;-0,013022367
28/01/2008;4978,06;;;;;;;;0,056991496
21/01/2008;4878,12;;;;;;;;-0,020076094
14/01/2008;5092,4;;;;;;;;0,043926759
07/01/2008;5371,41;;;;;;;;0,05478949
31/12/2007;5446,79;;;;;;;;0,014033559
24/12/2007;5627,25;;;;;;;;0,033131441
17/12/2007;5602,77;;;;;;;;-0,00435026
10/12/2007;5605,36;;;;;;;;0,000462271
03/12/2007;5718,75;;;;;;;;0,020228852
26/11/2007;5670,57;;;;;;;;-0,008424918
19/11/2007;5521,17;;;;;;;;-0,026346558
12/11/2007;5523,63;;;;;;;;0,000445558
05/11/2007;5524,18;;;;;;;;9,95722E-05
29/10/2007;5720,42;;;;;;;;0,035523824
22/10/2007;5794,87;;;;;;;;0,013014779
15/10/2007;5740,48;;;;;;;;-0,009385888
08/10/2007;5843,95;;;;;;;;0,018024625
01/10/2007;5843,24;;;;;;;;-0,000121493
24/09/2007;5715,69;;;;;;;;-0,021828643
17/09/2007;5700,65;;;;;;;;-0,002631353
10/09/2007;5538,92;;;;;;;;-0,028370449
03/09/2007;5430,1;;;;;;;;-0,019646429
27/08/2007;5662,7;;;;;;;;0,042835307
20/08/2007;5569,38;;;;;;;;-0,016479771
13/08/2007;5363,63;;;;;;;;-0,036943071
06/08/2007;5448,63;;;;;;;;0,015847476
30/07/2007;5597,89;;;;;;;;0,027394042
23/07/2007;5643,96;;;;;;;;0,008229887
16/07/2007;5957,16;;;;;;;;0,055492952
09/07/2007;6117,96;;;;;;;;0,026992728
02/07/2007;6102,69;;;;;;;;-0,00249593
25/06/2007;6054,93;;;;;;;;-0,007826057
18/06/2007;6023,25;;;;;;;;-0,0052321
11/06/2007;6105,28;;;;;;;;0,013618893
04/06/2007;5883,29;;;;;;;;-0,036360331
28/05/2007;6168,15;;;;;;;;0,048418487
21/05/2007;6057,49;;;;;;;;-0,017940549
14/05/2007;6101,14;;;;;;;;0,007205955
07/05/2007;6050,63;;;;;;;;-0,008278781
30/04/2007;6068,83;;;;;;;;0,003007951
23/04/2007;5930,77;;;;;;;;-0,022749031
16/04/2007;5938,9;;;;;;;;0,001370817
10/04/2007;5789,34;;;;;;;;-0,025183115
02/04/2007;5741,38;;;;;;;;-0,008284191
26/03/2007;5634,16;;;;;;;;-0,018674953
19/03/2007;5634,75;;;;;;;;0,000104718
12/03/2007;5382,16;;;;;;;;-0,044827188
05/03/2007;5537,84;;;;;;;;0,02892519
26/02/2007;5424,7;;;;;;;;-0,020430348
19/02/2007;5716,38;;;;;;;;0,053768872
12/02/2007;5713,59;;;;;;;;-0,000488071
05/02/2007;5692,45;;;;;;;;-0,00369995
29/01/2007;5677,3;;;;;;;;-0,00266142
22/01/2007;5582,3;;;;;;;;-0,016733306
15/01/2007;5614,7;;;;;;;;0,005804059
08/01/2007;5617,62;;;;;;;;0,000520063
02/01/2007;5517,35;;;;;;;;-0,017849196
27/12/2006;5541,76;;;;;;;;0,004424225
18/12/2006;5453,94;;;;;;;;-0,015846951
11/12/2006;5541,62;;;;;;;;0,016076451
04/12/2006;5384,16;;;;;;;;-0,028414074
27/11/2006;5254,05;;;;;;;;-0,024165329
20/11/2006;5389,46;;;;;;;;0,025772499
13/11/2006;5439,71;;;;;;;;0,009323754
06/11/2006;5447,5;;;;;;;;0,001432062
30/10/2006;5336,3;;;;;;;;-0,020413034
23/10/2006;5396,03;;;;;;;;0,011193149
16/10/2006;5375,35;;;;;;;;-0,003832447
09/10/2006;5353,23;;;;;;;;-0,004115081
02/10/2006;5282,06;;;;;;;;-0,013294777
25/09/2006;5250,01;;;;;;;;-0,006067708
18/09/2006;5141,95;;;;;;;;-0,020582818
11/09/2006;5144,88;;;;;;;;0,000569823
04/09/2006;5073,57;;;;;;;;-0,013860382
28/08/2006;5183,45;;;;;;;;0,021657334
21/08/2006;5111,13;;;;;;;;-0,013952098
14/08/2006;5135,69;;;;;;;;0,0048052
07/08/2006;4985,52;;;;;;;;-0,029240472
31/07/2006;5040,95;;;;;;;;0,011118198
24/07/2006;5028,51;;;;;;;;-0,002467789
17/07/2006;4818,55;;;;;;;;-0,041753919
10/07/2006;4780,79;;;;;;;;-0,007836382
03/07/2006;4953,71;;;;;;;;0,036169754
26/06/2006;4965,96;;;;;;;;0,002472894
19/06/2006;4817,63;;;;;;;;-0,029869351
12/06/2006;4694,89;;;;;;;;-0,025477257
05/06/2006;4768,18;;;;;;;;0,015610589
29/05/2006;4959,7;;;;;;;;0,040166269
22/05/2006;5045,09;;;;;;;;0,017216767
15/05/2006;4944,57;;;;;;;;-0,019924322
08/05/2006;5150,45;;;;;;;;0,041637594
02/05/2006;5286,4;;;;;;;;0,026395752
24/04/2006;5188,4;;;;;;;;-0,018538136
18/04/2006;5252,38;;;;;;;;0,012331355
10/04/2006;5102,62;;;;;;;;-0,028512788
03/04/2006;5174,96;;;;;;;;0,014177031
27/03/2006;5220,85;;;;;;;;0,008867701
20/03/2006;5218,71;;;;;;;;-0,000409895
13/03/2006;5141,08;;;;;;;;-0,014875324
06/03/2006;5069,27;;;;;;;;-0,013967882
27/02/2006;4989,15;;;;;;;;-0,015805037
20/02/2006;5073,95;;;;;;;;0,016996883
13/02/2006;5000;;;;;;;;-0,014574444
06/02/2006;4910,82;;;;;;;;-0,017836
30/01/2006;4937,56;;;;;;;;0,005445119
23/01/2006;4956,6;;;;;;;;0,003856156
16/01/2006;4773,48;;;;;;;;-0,03694468
09/01/2006;4850,53;;;;;;;;0,016141264
02/01/2006;4867,15;;;;;;;;0,00342643
27/12/2005;4715,23;;;;;;;;-0,031213338
19/12/2005;4757,74;;;;;;;;0,009015467
12/12/2005;4704,41;;;;;;;;-0,011209103
05/12/2005;4661,01;;;;;;;;-0,009225386
28/11/2005;4662,5;;;;;;;;0,000319673
21/11/2005;4600,48;;;;;;;;-0,013301877
14/11/2005;4556,23;;;;;;;;-0,009618562
07/11/2005;4536,49;;;;;;;;-0,004332529
31/10/2005;4498,7;;;;;;;;-0,008330229
24/10/2005;4326,71;;;;;;;;-0,038231045
17/10/2005;4366,52;;;;;;;;0,009200986
10/10/2005;4482,13;;;;;;;;0,026476462
03/10/2005;4528,79;;;;;;;;0,010410229
26/09/2005;4600,02;;;;;;;;0,015728263
19/09/2005;4477,2;;;;;;;;-0,026699884
12/09/2005;4509,49;;;;;;;;0,007212097
05/09/2005;4491,68;;;;;;;;-0,003949449
29/08/2005;4404,95;;;;;;;;-0,019309034
22/08/2005;4342,7;;;;;;;;-0,014131829
15/08/2005;4487,9;;;;;;;;0,03343542
08/08/2005;4476,48;;;;;;;;-0,00254462
01/08/2005;4421,7;;;;;;;;-0,012237294
25/07/2005;4451,74;;;;;;;;0,006793767
18/07/2005;4415,52;;;;;;;;-0,008136145
11/07/2005;4373,77;;;;;;;;-0,009455285
04/07/2005;4300,31;;;;;;;;-0,016795579
27/06/2005;4269,62;;;;;;;;-0,007136695
20/06/2005;4199,87;;;;;;;;-0,016336348
13/06/2005;4220,91;;;;;;;;0,005009679
06/06/2005;4184,1;;;;;;;;-0,008720868
30/05/2005;4162,47;;;;;;;;-0,005169571
23/05/2005;4131,83;;;;;;;;-0,007361014
16/05/2005;4096,18;;;;;;;;-0,008628138
09/05/2005;4017,89;;;;;;;;-0,01911293
02/05/2005;4033,46;;;;;;;;0,003875168
25/04/2005;3911,71;;;;;;;;-0,030185002
18/04/2005;3980,18;;;;;;;;0,017503854
11/04/2005;4032,28;;;;;;;;0,01308986
04/04/2005;4124,29;;;;;;;;0,022818356
29/03/2005;4080,08;;;;;;;;-0,010719421
21/03/2005;4078,31;;;;;;;;-0,000433815
14/03/2005;4050,77;;;;;;;;-0,006752797
07/03/2005;4049,18;;;;;;;;-0,000392518
28/02/2005;4091,58;;;;;;;;0,010471256
21/02/2005;4034,57;;;;;;;;-0,013933493
14/02/2005;4029,02;;;;;;;;-0,001375611
07/02/2005;4016,75;;;;;;;;-0,003045406
31/01/2005;3958,01;;;;;;;;-0,014623763
24/01/2005;3870,35;;;;;;;;-0,022147493
17/01/2005;3854,19;;;;;;;;-0,004175333
10/01/2005;3854,6;;;;;;;;0,000106378
03/01/2005;3877,96;;;;;;;;0,006060292
27/12/2004;3821,16;;;;;;;;-0,014646876
20/12/2004;3822,76;;;;;;;;0,000418721
13/12/2004;3744,92;;;;;;;;-0,020362251
06/12/2004;3747,46;;;;;;;;0,000678252
29/11/2004;3783,51;;;;;;;;0,009619849
22/11/2004;3782,2;;;;;;;;-0,000346239
15/11/2004;3798,78;;;;;;;;0,004383692
08/11/2004;3835,11;;;;;;;;0,009563597
01/11/2004;3780,99;;;;;;;;-0,01411172
25/10/2004;3706,82;;;;;;;;-0,019616555
18/10/2004;3687,17;;;;;;;;-0,00530104
11/10/2004;3670,76;;;;;;;;-0,004450568
04/10/2004;3737,87;;;;;;;;0,018282318
27/09/2004;3730,16;;;;;;;;-0,002062672
20/09/2004;3673,51;;;;;;;;-0,015187016
13/09/2004;3726,22;;;;;;;;0,014348675
06/09/2004;3677,61;;;;;;;;-0,013045392
30/08/2004;3665,94;;;;;;;;-0,003173257
23/08/2004;3649,24;;;;;;;;-0,004555448
16/08/2004;3538,02;;;;;;;;-0,030477579
09/08/2004;3484,84;;;;;;;;-0,015031006
02/08/2004;3528,64;;;;;;;;0,012568726
26/07/2004;3647,1;;;;;;;;0,033571008
19/07/2004;3567,29;;;;;;;;-0,02188314
12/07/2004;3610,4;;;;;;;;0,012084804
05/07/2004;3668,48;;;;;;;;0,01608686
28/06/2004;3685,06;;;;;;;;0,004519583
21/06/2004;3742,38;;;;;;;;0,015554699
14/06/2004;3740,9;;;;;;;;-0,00039547
07/06/2004;3699,38;;;;;;;;-0,011098933
31/05/2004;3698,87;;;;;;;;-0,000137861
24/05/2004;3652,03;;;;;;;;-0,012663327
17/05/2004;3607,02;;;;;;;;-0,012324652
10/05/2004;3603,26;;;;;;;;-0,001042412
03/05/2004;3653,18;;;;;;;;0,013854121
26/04/2004;3674,28;;;;;;;;0,00577579
19/04/2004;3811,43;;;;;;;;0,037327041
13/04/2004;3751,59;;;;;;;;-0,015700144
05/04/2004;3740,11;;;;;;;;-0,003060036
29/03/2004;3739,91;;;;;;;;-5,34744E-05
22/03/2004;3592,39;;;;;;;;-0,039444799
15/03/2004;3613,28;;;;;;;;0,00581507
08/03/2004;3661,78;;;;;;;;0,013422707
01/03/2004;3761,11;;;;;;;;0,027126152
23/02/2004;3725,44;;;;;;;;-0,009483902
16/02/2004;3733,28;;;;;;;;0,002104449
09/02/2004;3649,34;;;;;;;;-0,02248425
02/02/2004;3624,72;;;;;;;;-0,006746425
26/01/2004;3638,44;;;;;;;;0,00378512
19/01/2004;3693,36;;;;;;;;0,015094381
12/01/2004;3671,8;;;;;;;;-0,005837503
05/01/2004;3574,8;;;;;;;;-0,026417561
29/12/2003;3596,8;;;;;;;;0,00615419
22/12/2003;3510,3;;;;;;;;-0,024049155
15/12/2003;3502,04;;;;;;;;-0,002353075
08/12/2003;3470,6;;;;;;;;-0,008977624
01/12/2003;3457,14;;;;;;;;-0,003878292
24/11/2003;3424,79;;;;;;;;-0,009357446
17/11/2003;3366,12;;;;;;;;-0,017130977
10/11/2003;3448,6;;;;;;;;0,024502989
03/11/2003;3453,13;;;;;;;;0,001313577
27/10/2003;3373,2;;;;;;;;-0,023147116
20/10/2003;3266,27;;;;;;;;-0,03169987
13/10/2003;3353,72;;;;;;;;0,026773659
06/10/2003;3306,12;;;;;;;;-0,014193194
29/09/2003;3296,36;;;;;;;;-0,002952101
22/09/2003;3216,76;;;;;;;;-0,024147848
15/09/2003;3373,64;;;;;;;;0,048769569
08/09/2003;3322,56;;;;;;;;-0,015140916
01/09/2003;3392,75;;;;;;;;0,021125277
25/08/2003;3311,42;;;;;;;;-0,023971704
18/08/2003;3328,99;;;;;;;;0,005305881
11/08/2003;3279,21;;;;;;;;-0,014953484
04/08/2003;3165,49;;;;;;;;-0,034679084
28/07/2003;3169,63;;;;;;;;0,001307854
21/07/2003;3109,32;;;;;;;;-0,019027457
14/07/2003;3129,21;;;;;;;;0,006396897
07/07/2003;3138,27;;;;;;;;0,002895299
30/06/2003;3072,4;;;;;;;;-0,020989271
23/06/2003;3109,02;;;;;;;;0,011919021
16/06/2003;3190,11;;;;;;;;0,026082174
09/06/2003;3108,94;;;;;;;;-0,025444264
02/06/2003;3093,21;;;;;;;;-0,005059602
26/05/2003;2991,75;;;;;;;;-0,032800877
19/05/2003;2897,16;;;;;;;;-0,031616947
12/05/2003;2994,87;;;;;;;;0,033726132
05/05/2003;2967,89;;;;;;;;-0,009008738
28/04/2003;2963,12;;;;;;;;-0,001607202
22/04/2003;2866,74;;;;;;;;-0,032526526
14/04/2003;2898,61;;;;;;;;0,011117157
07/04/2003;2838,14;;;;;;;;-0,020861723
31/03/2003;2837,96;;;;;;;;-6,34218E-05
24/03/2003;2733;;;;;;;;-0,036984313
17/03/2003;2890,68;;;;;;;;0,057694841
10/03/2003;2740,01;;;;;;;;-0,052122684
03/03/2003;2574,91;;;;;;;;-0,060255255
24/02/2003;2754,07;;;;;;;;0,069579131
17/02/2003;2829,83;;;;;;;;0,027508379
10/02/2003;2827,75;;;;;;;;-0,000735026
03/02/2003;2796,66;;;;;;;;-0,010994607
27/01/2003;2937,88;;;;;;;;0,050495949
20/01/2003;2898,6;;;;;;;;-0,013370185
13/01/2003;3056,93;;;;;;;;0,054622921
06/01/2003;3160,13;;;;;;;;0,03375936
30/12/2002;3187,88;;;;;;;;0,008781284
23/12/2002;3011,83;;;;;;;;-0,055224789
16/12/2002;3082,85;;;;;;;;0,023580348
09/12/2002;3076,85;;;;;;;;-0,001946251
02/12/2002;3185,77;;;;;;;;0,035399841
25/11/2002;3326,65;;;;;;;;0,044221648
18/11/2002;3305,78;;;;;;;;-0,006273579
11/11/2002;3162,39;;;;;;;;-0,043375542
04/11/2002;3058,18;;;;;;;;-0,032952925
28/10/2002;3109,51;;;;;;;;0,016784493
21/10/2002;3056,88;;;;;;;;-0,016925496
14/10/2002;3156,99;;;;;;;;0,032749077
07/10/2002;2902,27;;;;;;;;-0,080684449
30/09/2002;2765,9;;;;;;;;-0,046987358
23/09/2002;2950,52;;;;;;;;0,066748617
16/09/2002;2890,82;;;;;;;;-0,020233722
09/09/2002;3156,17;;;;;;;;0,091790565
02/09/2002;3246,67;;;;;;;;0,028673994
26/08/2002;3366,21;;;;;;;;0,036819264
19/08/2002;3526,09;;;;;;;;0,047495551
12/08/2002;3374,09;;;;;;;;-0,043107238
05/08/2002;3447,94;;;;;;;;0,021887383
29/07/2002;3245,37;;;;;;;;-0,058751022
22/07/2002;3172,56;;;;;;;;-0,022435038
15/07/2002;3324,04;;;;;;;;0,04774693
08/07/2002;3513,34;;;;;;;;0,056948773
01/07/2002;3863,28;;;;;;;;0,099603227
24/06/2002;3897,99;;;;;;;;0,008984593
17/06/2002;3799,53;;;;;;;;-0,025259172
10/06/2002;3843,07;;;;;;;;0,011459312
03/06/2002;4020,27;;;;;;;;0,04610897
27/05/2002;4274,64;;;;;;;;0,06327187
20/05/2002;4337,43;;;;;;;;0,014688956
13/05/2002;4442,94;;;;;;;;0,024325465
06/05/2002;4329,84;;;;;;;;-0,025456117
29/04/2002;4354,92;;;;;;;;0,005792362
22/04/2002;4453,08;;;;;;;;0,022540024
15/04/2002;4606,42;;;;;;;;0,034434594
08/04/2002;4468,29;;;;;;;;-0,02998641
02/04/2002;4515,7;;;;;;;;0,010610323
25/03/2002;4688,02;;;;;;;;0,038160197
18/03/2002;4601,57;;;;;;;;-0,018440621
11/03/2002;4588,33;;;;;;;;-0,002877279
04/03/2002;4629,11;;;;;;;;0,008887765
25/02/2002;4486,42;;;;;;;;-0,0308245
18/02/2002;4245,2;;;;;;;;-0,0537667
11/02/2002;4377;;;;;;;;0,031046829
04/02/2002;4299,04;;;;;;;;-0,017811286
28/01/2002;4455,56;;;;;;;;0,036408128
21/01/2002;4484,31;;;;;;;;0,006452612
14/01/2002;4448,85;;;;;;;;-0,007907571
07/01/2002;4554,69;;;;;;;;0,023790418
31/12/2001;4682,79;;;;;;;;0,028124856
24/12/2001;4624,58;;;;;;;;-0,012430624
17/12/2001;4499,34;;;;;;;;-0,027081378
10/12/2001;4340,02;;;;;;;;-0,035409638
03/12/2001;4642,94;;;;;;;;0,069796913
26/11/2001;4476,06;;;;;;;;-0,035942743
19/11/2001;4573,82;;;;;;;;0,021840637
12/11/2001;4587,3;;;;;;;;0,002947208
05/11/2001;4514,28;;;;;;;;-0,01591786
29/10/2001;4369,4;;;;;;;;-0,032093712
22/10/2001;4478,63;;;;;;;;0,024998856
15/10/2001;4264,89;;;;;;;;-0,047724416
08/10/2001;4336,88;;;;;;;;0,016879685
02/10/2001;4164,76;;;;;;;;-0,039687517
24/09/2001;4079,02;;;;;;;;-0,020587021
17/09/2001;3652,87;;;;;;;;-0,104473624
10/09/2001;3909,49;;;;;;;;0,07025161
03/09/2001;4413,51;;;;;;;;0,128922187
27/08/2001;4689,34;;;;;;;;0,062496743
20/08/2001;4916,56;;;;;;;;0,04845458
13/08/2001;4777,37;;;;;;;;-0,028310445
06/08/2001;4846,02;;;;;;;;0,014369831
30/07/2001;5031,29;;;;;;;;0,038231373
23/07/2001;4967,15;;;;;;;;-0,012748222
16/07/2001;4880,7;;;;;;;;-0,017404347
09/07/2001;5025,24;;;;;;;;0,029614604
02/07/2001;4999,36;;;;;;;;-0,005150003
25/06/2001;5225,33;;;;;;;;0,045199786
18/06/2001;5183,67;;;;;;;;-0,007972702
11/06/2001;5243,84;;;;;;;;0,011607606
05/06/2001;5439,93;;;;;;;;0,037394352
28/05/2001;5432,71;;;;;;;;-0,001327223
21/05/2001;5581,94;;;;;;;;0,027468795
14/05/2001;5638,24;;;;;;;;0,010086099
07/05/2001;5567,25;;;;;;;;-0,012590808
30/04/2001;5455,55;;;;;;;;-0,020063766
23/04/2001;5575,97;;;;;;;;0,022072935
17/04/2001;5449,34;;;;;;;;-0,02270995
09/04/2001;5372,71;;;;;;;;-0,014062253
02/04/2001;5139,71;;;;;;;;-0,043367314
26/03/2001;5180,45;;;;;;;;0,007926517
19/03/2001;4951,13;;;;;;;;-0,044266425
12/03/2001;5104,77;;;;;;;;0,0310313
05/03/2001;5368,89;;;;;;;;0,051739843
26/02/2001;5291,92;;;;;;;;-0,014336297
19/02/2001;5322,84;;;;;;;;0,00584287
12/02/2001;5595,13;;;;;;;;0,051155023
05/02/2001;5712,36;;;;;;;;0,020952149
29/01/2001;5826,37;;;;;;;;0,019958476
22/01/2001;5925,62;;;;;;;;0,01703462
15/01/2001;5845,73;;;;;;;;-0,013482134
08/01/2001;5834,34;;;;;;;;-0,001948431
02/01/2001;5758,02;;;;;;;;-0,013081171
27/12/2000;5926,42;;;;;;;;0,029246164
18/12/2000;5783,73;;;;;;;;-0,02407693
11/12/2000;5839,54;;;;;;;;0,009649482
04/12/2000;5939,32;;;;;;;;0,017086962
27/11/2000;5928,5;;;;;;;;-0,001821757
20/11/2000;6145,65;;;;;;;;0,036628152
13/11/2000;6161,92;;;;;;;;0,002647401
06/11/2000;6147,49;;;;;;;;-0,002341803
30/10/2000;6398,92;;;;;;;;0,040899619
23/10/2000;6268,93;;;;;;;;-0,020314366
16/10/2000;6149,44;;;;;;;;-0,019060669
09/10/2000;6064,21;;;;;;;;-0,013859799
02/10/2000;6258,41;;;;;;;;0,032023957
25/09/2000;6266,63;;;;;;;;0,001313433
18/09/2000;6258,58;;;;;;;;-0,001284582
11/09/2000;6614,65;;;;;;;;0,056893097
04/09/2000;6703,36;;;;;;;;0,01341114
31/08/2000;6813,66;;;;;;;;0,016454435
